epoch_0,epoch_1,epoch_2,epoch_3,epoch_4
"[1736655806.013564, 1736655806.146556]","[1736655909.917308, 1736655910.0394201]","[1736656012.0084498, 1736656012.1318269]","[1736656114.221115, 1736656114.3435996]","[1736656216.3084736, 1736656216.4327793]"
"[1736655806.281609, 1736655806.4007728]","[1736655910.1657119, 1736655910.2871132]","[1736656012.2706327, 1736656012.3927057]","[1736656114.4645252, 1736656114.5859814]","[1736656216.5519161, 1736656216.6733227]"
"[1736655806.5266755, 1736655806.6460729]","[1736655910.408488, 1736655910.5293322]","[1736656012.515202, 1736656012.6367166]","[1736656114.707808, 1736656114.8296638]","[1736656216.7925515, 1736656216.9142125]"
"[1736655806.7704504, 1736655806.8901868]","[1736655910.6490226, 1736655910.7703776]","[1736656012.7936838, 1736656012.916202]","[1736656114.9494479, 1736656115.070644]","[1736656217.0321426, 1736656217.1540043]"
"[1736655807.0155416, 1736655807.1377394]","[1736655910.8903143, 1736655911.01177]","[1736656013.0371945, 1736656013.1585968]","[1736656115.1915812, 1736656115.3130908]","[1736656217.2726157, 1736656217.3945005]"
"[1736655807.27, 1736655807.3896713]","[1736655911.1662385, 1736655911.288081]","[1736656013.2804441, 1736656013.4024913]","[1736656115.4349675, 1736656115.5567935]","[1736656217.512535, 1736656217.6347234]"
"[1736655807.5158725, 1736655807.6369262]","[1736655911.408763, 1736655911.5304546]","[1736656013.5265994, 1736656013.648723]","[1736656115.6793022, 1736656115.8017788]","[1736656217.752664, 1736656217.8745089]"
"[1736655807.761381, 1736655807.8809664]","[1736655911.6506014, 1736655911.7724512]","[1736656013.7700932, 1736656013.894573]","[1736656115.9222558, 1736656116.0447297]","[1736656217.993109, 1736656218.1147454]"
"[1736655808.0058882, 1736655808.125938]","[1736655911.8933852, 1736655912.015341]","[1736656014.0158422, 1736656014.1376402]","[1736656116.1668131, 1736656116.2886045]","[1736656218.233245, 1736656218.3547482]"
"[1736655808.2690706, 1736655808.3890564]","[1736655912.1374915, 1736655912.259103]","[1736656014.257628, 1736656014.3794587]","[1736656116.4137595, 1736656116.5356789]","[1736656218.472266, 1736656218.5942106]"
"[1736655808.5145605, 1736655808.6354077]","[1736655912.382837, 1736655912.506722]","[1736656014.501781, 1736656014.6234648]","[1736656116.6618774, 1736656116.7840261]","[1736656218.7121623, 1736656218.834028]"
"[1736655808.7609894, 1736655808.8808596]","[1736655912.6254523, 1736655912.747063]","[1736656014.7443078, 1736656014.8681214]","[1736656116.90641, 1736656117.0282588]","[1736656218.951722, 1736656219.0737045]"
"[1736655809.005974, 1736655809.1259825]","[1736655912.8655298, 1736655912.9870691]","[1736656014.9920046, 1736656015.1149237]","[1736656117.1487222, 1736656117.2706013]","[1736656219.1918545, 1736656219.3137565]"
"[1736655809.2518935, 1736655809.3723793]","[1736655913.104943, 1736655913.2267542]","[1736656015.2383926, 1736656015.3600924]","[1736656117.3921375, 1736656117.5140715]","[1736656219.431693, 1736656219.553719]"
"[1736655809.4975386, 1736655809.617242]","[1736655913.344691, 1736655913.466825]","[1736656015.4809556, 1736656015.6024091]","[1736656117.6371198, 1736656117.7602084]","[1736656219.6751437, 1736656219.7968957]"
"[1736655809.741185, 1736655809.861054]","[1736655913.5843928, 1736655913.7075188]","[1736656015.7238827, 1736656015.8453457]","[1736656117.8825104, 1736656118.0043452]","[1736656219.9197717, 1736656220.042212]"
"[1736655809.9835026, 1736655810.1033258]","[1736655913.8259811, 1736655913.9477153]","[1736656015.9654205, 1736656016.0878413]","[1736656118.1249547, 1736656118.2469566]","[1736656220.1709514, 1736656220.29284]"
"[1736655810.2266, 1736655810.3464148]","[1736655914.065907, 1736655914.1880386]","[1736656016.2094746, 1736656016.3328683]","[1736656118.3678591, 1736656118.489957]","[1736656220.4127183, 1736656220.5344126]"
"[1736655810.469124, 1736655810.5895784]","[1736655914.3055465, 1736655914.427598]","[1736656016.4508882, 1736656016.5738432]","[1736656118.6103466, 1736656118.7322233]","[1736656220.655356, 1736656220.7780771]"
"[1736655810.7140412, 1736655810.8338978]","[1736655914.545426, 1736655914.6672199]","[1736656016.6915438, 1736656016.8156]","[1736656118.855882, 1736656118.978483]","[1736656220.907366, 1736656221.0327358]"
"[1736655810.9600198, 1736655811.0794437]","[1736655914.7865622, 1736655914.9085758]","[1736656016.9342284, 1736656017.0561953]","[1736656119.10846, 1736656119.2309432]","[1736656221.1539009, 1736656221.275934]"
"[1736655811.2032883, 1736655811.3235726]","[1736655915.0267558, 1736655915.1490653]","[1736656017.1740656, 1736656017.2963612]","[1736656119.3521686, 1736656119.4756331]","[1736656221.3945558, 1736656221.5163257]"
"[1736655811.4465733, 1736655811.56679]","[1736655915.2670999, 1736655915.3890264]","[1736656017.4149346, 1736656017.5374527]","[1736656119.598104, 1736656119.720812]","[1736656221.6354136, 1736656221.757051]"
"[1736655811.6920857, 1736655811.812438]","[1736655915.506988, 1736655915.6289692]","[1736656017.65661, 1736656017.7787728]","[1736656119.8431332, 1736656119.9649124]","[1736656221.8748317, 1736656221.9966424]"
"[1736655811.9354455, 1736655812.0550165]","[1736655915.74692, 1736655915.8689451]","[1736656017.8977966, 1736656018.0204651]","[1736656120.0858922, 1736656120.207667]","[1736656222.1153426, 1736656222.2371244]"
"[1736655812.1780527, 1736655812.2975988]","[1736655915.987421, 1736655916.1096807]","[1736656018.1401453, 1736656018.2618246]","[1736656120.3281193, 1736656120.4500918]","[1736656222.3556173, 1736656222.477345]"
"[1736655812.4200103, 1736655812.5399463]","[1736655916.2284136, 1736655916.3501823]","[1736656018.3829503, 1736656018.5064452]","[1736656120.5725877, 1736656120.694711]","[1736656222.5972826, 1736656222.7189548]"
"[1736655812.6624978, 1736655812.7824771]","[1736655916.468739, 1736655916.5906422]","[1736656018.6262321, 1736656018.7495365]","[1736656120.818307, 1736656120.9413223]","[1736656222.8413074, 1736656222.9642212]"
"[1736655812.9044163, 1736655813.0241716]","[1736655916.7086394, 1736655916.830562]","[1736656018.8675401, 1736656018.9931815]","[1736656121.0602221, 1736656121.1831284]","[1736656223.0861182, 1736656223.2096086]"
"[1736655813.1471634, 1736655813.2669923]","[1736655916.94862, 1736655917.07029]","[1736656019.111138, 1736656019.2348218]","[1736656121.3004138, 1736656121.42291]","[1736656223.3297925, 1736656223.4515088]"
"[1736655813.3900626, 1736655813.510117]","[1736655917.1891634, 1736655917.3109775]","[1736656019.3536613, 1736656019.4761043]","[1736656121.540771, 1736656121.6627018]","[1736656223.5750139, 1736656223.696933]"
"[1736655813.635789, 1736655813.7554772]","[1736655917.4294097, 1736655917.5511827]","[1736656019.594644, 1736656019.7177086]","[1736656121.7802155, 1736656121.9025276]","[1736656223.819635, 1736656223.9429536]"
"[1736655813.8795724, 1736655813.9993458]","[1736655917.6700525, 1736655917.7922482]","[1736656019.835282, 1736656019.9568248]","[1736656122.0205588, 1736656122.1428175]","[1736656224.065747, 1736656224.188941]"
"[1736655814.122285, 1736655814.2422457]","[1736655917.912993, 1736655918.0347376]","[1736656020.0757418, 1736656020.197765]","[1736656122.2604866, 1736656122.3824124]","[1736656224.3116782, 1736656224.4336119]"
"[1736655814.364582, 1736655814.4842846]","[1736655918.1556525, 1736655918.2777576]","[1736656020.3162782, 1736656020.4380195]","[1736656122.5003963, 1736656122.6219985]","[1736656224.5546627, 1736656224.676267]"
"[1736655814.6080186, 1736655814.729014]","[1736655918.3982587, 1736655918.5199606]","[1736656020.5571132, 1736656020.6787882]","[1736656122.741636, 1736656122.8634064]","[1736656224.794049, 1736656224.9155953]"
"[1736655814.8550663, 1736655814.9747133]","[1736655918.6367, 1736655918.7589457]","[1736656020.7977216, 1736656020.919324]","[1736656122.9818242, 1736656123.1036322]","[1736656225.0330448, 1736656225.1557896]"
"[1736655815.0991023, 1736655815.2190838]","[1736655918.8763368, 1736655918.9987073]","[1736656021.0363398, 1736656021.1579459]","[1736656123.220379, 1736656123.3421924]","[1736656225.2754798, 1736656225.3977563]"
"[1736655815.3426888, 1736655815.4622862]","[1736655919.1161613, 1736655919.2383556]","[1736656021.2771978, 1736656021.398997]","[1736656123.4595685, 1736656123.5820966]","[1736656225.5178974, 1736656225.639479]"
"[1736655815.585028, 1736655815.7051876]","[1736655919.3566415, 1736655919.4787495]","[1736656021.5196722, 1736656021.6413748]","[1736656123.700335, 1736656123.8220654]","[1736656225.7577233, 1736656225.8791854]"
"[1736655815.8293808, 1736655815.949339]","[1736655919.598342, 1736655919.7206666]","[1736656021.762478, 1736656021.88413]","[1736656123.9407601, 1736656124.0627232]","[1736656225.9991124, 1736656226.1222563]"
"[1736655816.075124, 1736655816.1946456]","[1736655919.8407996, 1736655919.9641235]","[1736656022.0025296, 1736656022.124021]","[1736656124.1803765, 1736656124.3021693]","[1736656226.2422276, 1736656226.364032]"
"[1736655816.3186314, 1736655816.4381151]","[1736655920.0829933, 1736655920.2049038]","[1736656022.2458892, 1736656022.3682134]","[1736656124.420136, 1736656124.541929]","[1736656226.4824965, 1736656226.6042812]"
"[1736655816.5610363, 1736655816.6808648]","[1736655920.3232603, 1736655920.4449558]","[1736656022.4869223, 1736656022.6098833]","[1736656124.6595557, 1736656124.7822547]","[1736656226.7220433, 1736656226.8437064]"
"[1736655816.803458, 1736655816.9233203]","[1736655920.562819, 1736655920.6848996]","[1736656022.729581, 1736656022.8521075]","[1736656124.8997278, 1736656125.0213854]","[1736656226.9606829, 1736656227.0828762]"
"[1736655817.0461376, 1736655817.165857]","[1736655920.802056, 1736655920.9251063]","[1736656022.9699848, 1736656023.091781]","[1736656125.1408753, 1736656125.2628112]","[1736656227.202952, 1736656227.3253071]"
"[1736655817.2913606, 1736655817.414232]","[1736655921.042492, 1736655921.1649125]","[1736656023.2095513, 1736656023.3322196]","[1736656125.3825998, 1736656125.5045748]","[1736656227.4424388, 1736656227.5649934]"
"[1736655817.5386257, 1736655817.6587029]","[1736655921.2847242, 1736655921.4063146]","[1736656023.4498224, 1736656023.572906]","[1736656125.6260757, 1736656125.7479832]","[1736656227.6822722, 1736656227.8040333]"
"[1736655817.781779, 1736655817.901656]","[1736655921.5248375, 1736655921.6463802]","[1736656023.692003, 1736656023.8144946]","[1736656125.872065, 1736656125.9950218]","[1736656227.921904, 1736656228.0434783]"
"[1736655818.0242946, 1736655818.1440718]","[1736655921.7654386, 1736655921.8873534]","[1736656023.9328864, 1736656024.0548713]","[1736656126.1162705, 1736656126.2409754]","[1736656228.16176, 1736656228.2833982]"
"[1736655818.268631, 1736655818.3890004]","[1736655922.0060768, 1736655922.1279254]","[1736656024.173616, 1736656024.2954056]","[1736656126.3665388, 1736656126.4884734]","[1736656228.4010687, 1736656228.5231488]"
"[1736655818.514196, 1736655818.6338854]","[1736655922.249262, 1736655922.3713295]","[1736656024.4137704, 1736656024.5356004]","[1736656126.611233, 1736656126.7348158]","[1736656228.6411555, 1736656228.7632706]"
"[1736655818.7574313, 1736655818.8771234]","[1736655922.4905498, 1736655922.612805]","[1736656024.6539211, 1736656024.7755451]","[1736656126.8572524, 1736656126.980287]","[1736656228.8810847, 1736656229.0032973]"
"[1736655819.000672, 1736655819.120592]","[1736655922.733338, 1736655922.8547447]","[1736656024.8958695, 1736656025.0179458]","[1736656127.0977747, 1736656127.2208893]","[1736656229.121047, 1736656229.2429168]"
"[1736655819.2431393, 1736655819.3630915]","[1736655922.9750445, 1736655923.0977495]","[1736656025.1385508, 1736656025.2603877]","[1736656127.339442, 1736656127.4611506]","[1736656229.3599834, 1736656229.48216]"
"[1736655819.4880095, 1736655819.6082242]","[1736655923.2152467, 1736655923.337075]","[1736656025.3791144, 1736656025.5008128]","[1736656127.5782413, 1736656127.7009103]","[1736656229.6024554, 1736656229.724556]"
"[1736655819.732542, 1736655819.8537614]","[1736655923.4551, 1736655923.5773768]","[1736656025.6196678, 1736656025.741311]","[1736656127.8185174, 1736656127.9412863]","[1736656229.8419943, 1736656229.9641712]"
"[1736655819.9779694, 1736655820.0978744]","[1736655923.6981592, 1736655923.8209639]","[1736656025.8597958, 1736656025.9815779]","[1736656128.0587857, 1736656128.1806314]","[1736656230.082107, 1736656230.2028902]"
"[1736655820.2579584, 1736655820.3780704]","[1736655923.9454195, 1736655924.067002]","[1736656026.102502, 1736656026.2251]","[1736656128.298667, 1736656128.4205196]","[1736656230.3211353, 1736656230.4437149]"
"[1736655820.5013258, 1736655820.6217816]","[1736655924.1881404, 1736655924.3097508]","[1736656026.3463235, 1736656026.47027]","[1736656128.537775, 1736656128.6604047]","[1736656230.561885, 1736656230.684118]"
"[1736655820.745042, 1736655820.8654447]","[1736655924.431127, 1736655924.553014]","[1736656026.5881696, 1736656026.7116103]","[1736656128.777691, 1736656128.900303]","[1736656230.8016183, 1736656230.9239852]"
"[1736655820.9914746, 1736655821.1124084]","[1736655924.6783648, 1736655924.8010228]","[1736656026.8304205, 1736656026.9524114]","[1736656129.0188296, 1736656129.140417]","[1736656231.0414913, 1736656231.1639566]"
"[1736655821.2356272, 1736655821.3561547]","[1736655924.9234507, 1736655925.0452235]","[1736656027.0712645, 1736656027.1931736]","[1736656129.257496, 1736656129.3800032]","[1736656231.280153, 1736656231.4029393]"
"[1736655821.4797213, 1736655821.6003194]","[1736655925.1678917, 1736655925.2899032]","[1736656027.3114257, 1736656027.4336212]","[1736656129.4971504, 1736656129.62041]","[1736656231.5204523, 1736656231.6422024]"
"[1736655821.7235081, 1736655821.843913]","[1736655925.4105194, 1736655925.532253]","[1736656027.5513902, 1736656027.6736016]","[1736656129.7378552, 1736656129.8599262]","[1736656231.76032, 1736656231.8822308]"
"[1736655821.9676917, 1736655822.0887258]","[1736655925.6552584, 1736655925.7778263]","[1736656027.7910352, 1736656027.9130719]","[1736656129.9772732, 1736656130.099927]","[1736656231.9998336, 1736656232.1222148]"
"[1736655822.2142694, 1736655822.3347328]","[1736655925.8991501, 1736655926.0225904]","[1736656028.0311337, 1736656028.1535213]","[1736656130.2186337, 1736656130.340881]","[1736656232.24031, 1736656232.3619626]"
"[1736655822.4592519, 1736655822.579992]","[1736655926.1445334, 1736655926.2661963]","[1736656028.272177, 1736656028.394097]","[1736656130.458606, 1736656130.580546]","[1736656232.4799657, 1736656232.602667]"
"[1736655822.7029216, 1736655822.8236897]","[1736655926.3870447, 1736655926.5089195]","[1736656028.5131495, 1736656028.6350498]","[1736656130.6985726, 1736656130.8202248]","[1736656232.7201905, 1736656232.8425043]"
"[1736655822.9490747, 1736655823.06957]","[1736655926.630846, 1736655926.7524164]","[1736656028.7541418, 1736656028.8758128]","[1736656130.939088, 1736656131.0624177]","[1736656232.9613602, 1736656233.0834186]"
"[1736655823.193688, 1736655823.3140752]","[1736655926.8751667, 1736655926.9968798]","[1736656028.993842, 1736656029.1153767]","[1736656131.1806834, 1736656131.3029156]","[1736656233.202239, 1736656233.324312]"
"[1736655823.4373157, 1736655823.558245]","[1736655927.117529, 1736655927.2410321]","[1736656029.2336226, 1736656029.3555403]","[1736656131.4220603, 1736656131.5439372]","[1736656233.443303, 1736656233.5671067]"
"[1736655823.6815271, 1736655823.8019714]","[1736655927.3590567, 1736655927.482647]","[1736656029.4740543, 1736656029.5961444]","[1736656131.6612608, 1736656131.7836797]","[1736656233.6844885, 1736656233.8080351]"
"[1736655823.9274838, 1736655824.048538]","[1736655927.600246, 1736655927.7224476]","[1736656029.7144206, 1736656029.836432]","[1736656131.90095, 1736656132.0227046]","[1736656233.9256315, 1736656234.0476289]"
"[1736655824.1727917, 1736655824.2933228]","[1736655927.8410223, 1736655927.9629369]","[1736656029.9549422, 1736656030.076922]","[1736656132.140431, 1736656132.2623408]","[1736656234.1660037, 1736656234.2884815]"
"[1736655824.4166012, 1736655824.5368366]","[1736655928.0804787, 1736655928.2026732]","[1736656030.1956246, 1736656030.3172421]","[1736656132.3801982, 1736656132.5020375]","[1736656234.4072595, 1736656234.529285]"
"[1736655824.6603112, 1736655824.7804844]","[1736655928.3217397, 1736655928.4434857]","[1736656030.4370544, 1736656030.5584826]","[1736656132.6202376, 1736656132.742185]","[1736656234.647612, 1736656234.7693717]"
"[1736655824.9036438, 1736655825.0241773]","[1736655928.5627418, 1736655928.6844766]","[1736656030.6798143, 1736656030.801474]","[1736656132.8603811, 1736656132.9824095]","[1736656234.8882923, 1736656235.0099611]"
"[1736655825.1511538, 1736655825.2715406]","[1736655928.803193, 1736655928.9249947]","[1736656030.9221787, 1736656031.0438445]","[1736656133.0998328, 1736656133.2218347]","[1736656235.128389, 1736656235.250333]"
"[1736655825.395682, 1736655825.5164027]","[1736655929.04316, 1736655929.1647844]","[1736656031.1639497, 1736656031.2874644]","[1736656133.3398018, 1736656133.4615695]","[1736656235.3678234, 1736656235.489468]"
"[1736655825.639936, 1736655825.7602198]","[1736655929.2832825, 1736655929.4055297]","[1736656031.4066231, 1736656031.5294557]","[1736656133.5793233, 1736656133.701728]","[1736656235.607422, 1736656235.7297502]"
"[1736655825.8835502, 1736655826.0039926]","[1736655929.5239224, 1736655929.6459405]","[1736656031.6473875, 1736656031.770363]","[1736656133.8194895, 1736656133.9416409]","[1736656235.8471315, 1736656235.9688072]"
"[1736655826.130944, 1736655826.2513413]","[1736655929.7651942, 1736655929.8872516]","[1736656031.8880553, 1736656032.0099978]","[1736656134.058722, 1736656134.1803827]","[1736656236.086856, 1736656236.2086701]"
"[1736655826.3765938, 1736655826.4974082]","[1736655930.007623, 1736655930.1294699]","[1736656032.1280844, 1736656032.2499206]","[1736656134.298927, 1736656134.4204745]","[1736656236.326845, 1736656236.4490385]"
"[1736655826.6209042, 1736655826.741336]","[1736655930.2493834, 1736655930.371297]","[1736656032.367642, 1736656032.4895837]","[1736656134.538548, 1736656134.6606565]","[1736656236.566789, 1736656236.6886625]"
"[1736655826.8646107, 1736655826.9856355]","[1736655930.4916546, 1736655930.613998]","[1736656032.607995, 1736656032.730305]","[1736656134.7786028, 1736656134.9005675]","[1736656236.8074207, 1736656236.929284]"
"[1736655827.1125746, 1736655827.232565]","[1736655930.7335727, 1736655930.8553772]","[1736656032.8480515, 1736656032.9698114]","[1736656135.0179486, 1736656135.1399534]","[1736656237.047851, 1736656237.1699467]"
"[1736655827.3563333, 1736655827.4771056]","[1736655930.973376, 1736655931.095044]","[1736656033.0880291, 1736656033.2097337]","[1736656135.25856, 1736656135.3804882]","[1736656237.2881174, 1736656237.4099228]"
"[1736655827.6000378, 1736655827.7205]","[1736655931.213922, 1736655931.337213]","[1736656033.3278747, 1736656033.4498649]","[1736656135.4986277, 1736656135.6204824]","[1736656237.5285006, 1736656237.6503446]"
"[1736655827.8455157, 1736655827.9659395]","[1736655931.4579117, 1736655931.581498]","[1736656033.5682013, 1736656033.6899216]","[1736656135.7389753, 1736656135.8610425]","[1736656237.7677622, 1736656237.889731]"
"[1736655828.091984, 1736655828.2127612]","[1736655931.7008955, 1736655931.8225527]","[1736656033.808276, 1736656033.9300168]","[1736656135.9783728, 1736656136.1000419]","[1736656238.0069945, 1736656238.1288912]"
"[1736655828.336184, 1736655828.4569583]","[1736655931.939974, 1736655932.0616217]","[1736656034.0491161, 1736656034.1713839]","[1736656136.2168887, 1736656136.338705]","[1736656238.246594, 1736656238.3684528]"
"[1736655828.5804098, 1736655828.7009237]","[1736655932.1811883, 1736655932.303134]","[1736656034.28948, 1736656034.4110472]","[1736656136.4556744, 1736656136.57797]","[1736656238.4862583, 1736656238.6083062]"
"[1736655828.825169, 1736655828.9458172]","[1736655932.4210532, 1736655932.5429435]","[1736656034.5290232, 1736656034.6509504]","[1736656136.6959562, 1736656136.8178105]","[1736656238.726764, 1736656238.8485334]"
"[1736655829.0723782, 1736655829.192828]","[1736655932.6609237, 1736655932.7826]","[1736656034.7688863, 1736656034.8907206]","[1736656136.9367971, 1736656137.058577]","[1736656238.966997, 1736656239.088959]"
"[1736655829.3545413, 1736655829.4748714]","[1736655932.9008813, 1736655933.0226412]","[1736656035.008712, 1736656035.1307995]","[1736656137.177841, 1736656137.3001668]","[1736656239.2076316, 1736656239.3294935]"
"[1736655829.5982075, 1736655829.7193244]","[1736655933.1407304, 1736655933.2636263]","[1736656035.2496505, 1736656035.372097]","[1736656137.4181428, 1736656137.5403457]","[1736656239.4470787, 1736656239.5692189]"
"[1736655829.842587, 1736655829.9629366]","[1736655933.382107, 1736655933.504382]","[1736656035.4916093, 1736656035.6132405]","[1736656137.658765, 1736656137.7808697]","[1736656239.6879559, 1736656239.8100643]"
"[1736655830.088907, 1736655830.2099366]","[1736655933.6242383, 1736655933.7459276]","[1736656035.730779, 1736656035.8528485]","[1736656137.8984716, 1736656138.0204897]","[1736656239.9283588, 1736656240.049973]"
"[1736655830.3350956, 1736655830.456061]","[1736655933.86439, 1736655933.9865596]","[1736656035.97031, 1736656036.0921056]","[1736656138.1380432, 1736656138.259904]","[1736656240.1675947, 1736656240.2892735]"
"[1736655830.5789986, 1736655830.6996086]","[1736655934.105919, 1736655934.227607]","[1736656036.2096891, 1736656036.3316255]","[1736656138.3776996, 1736656138.4993653]","[1736656240.4068305, 1736656240.528705]"
"[1736655830.8235772, 1736655830.9440994]","[1736655934.3478703, 1736655934.4695535]","[1736656036.4486701, 1736656036.5733194]","[1736656138.6169298, 1736656138.7386959]","[1736656240.6465983, 1736656240.768273]"
"[1736655831.07122, 1736655831.1918714]","[1736655934.5884566, 1736655934.710294]","[1736656036.6912272, 1736656036.8135643]","[1736656138.8560956, 1736656138.9780612]","[1736656240.8859584, 1736656241.007976]"
"[1736655831.3184528, 1736655831.438888]","[1736655934.8299532, 1736655934.9520202]","[1736656036.9310215, 1736656037.0529017]","[1736656139.095117, 1736656139.2168674]","[1736656241.1258168, 1736656241.2477422]"
"[1736655831.5665221, 1736655831.6870682]","[1736655935.072596, 1736655935.1940746]","[1736656037.1736615, 1736656037.2951493]","[1736656139.3349998, 1736656139.457476]","[1736656241.3659265, 1736656241.4880116]"
"[1736655831.8130515, 1736655831.933249]","[1736655935.3122663, 1736655935.4337907]","[1736656037.4133704, 1736656037.5350482]","[1736656139.576195, 1736656139.698049]","[1736656241.6052022, 1736656241.726979]"
"[1736655832.0592027, 1736655832.1796362]","[1736655935.552022, 1736655935.6737046]","[1736656037.653803, 1736656037.7756886]","[1736656139.8163908, 1736656139.9383705]","[1736656241.8449204, 1736656241.9668558]"
"[1736655832.3051388, 1736655832.425707]","[1736655935.7919648, 1736655935.9137833]","[1736656037.8953667, 1736656038.0168567]","[1736656140.0566368, 1736656140.179096]","[1736656242.083824, 1736656242.2062106]"
"[1736655832.5508094, 1736655832.671483]","[1736655936.0322652, 1736655936.1548154]","[1736656038.1351979, 1736656038.256809]","[1736656140.296674, 1736656140.4181514]","[1736656242.326993, 1736656242.4492362]"
"[1736655832.7974858, 1736655832.9179325]","[1736655936.2727535, 1736655936.3949645]","[1736656038.3764684, 1736656038.4983618]","[1736656140.535423, 1736656140.6571763]","[1736656242.5694075, 1736656242.69122]"
"[1736655833.0440173, 1736655833.1652267]","[1736655936.5130713, 1736655936.6353123]","[1736656038.6178179, 1736656038.7399843]","[1736656140.7749507, 1736656140.896804]","[1736656242.8127272, 1736656242.9342496]"
"[1736655833.292584, 1736655833.4131682]","[1736655936.755497, 1736655936.8793454]","[1736656038.861032, 1736656038.9831753]","[1736656141.0149612, 1736656141.1369286]","[1736656243.055383, 1736656243.1777794]"
"[1736655833.5388079, 1736655833.6593728]","[1736655936.997772, 1736655937.1194756]","[1736656039.1031685, 1736656039.2255547]","[1736656141.255098, 1736656141.3767893]","[1736656243.2983863, 1736656243.4205263]"
"[1736655833.785449, 1736655833.906033]","[1736655937.2373245, 1736655937.3595936]","[1736656039.344048, 1736656039.467173]","[1736656141.4955635, 1736656141.6174028]","[1736656243.5378938, 1736656243.6595423]"
"[1736655834.0322816, 1736655834.1525958]","[1736655937.4772825, 1736655937.5994925]","[1736656039.5853472, 1736656039.7078464]","[1736656141.7357743, 1736656141.8584232]","[1736656243.7803833, 1736656243.9026606]"
"[1736655834.2788212, 1736655834.40021]","[1736655937.7172418, 1736655937.8395429]","[1736656039.8256834, 1736656039.9476838]","[1736656141.9770114, 1736656142.0994833]","[1736656244.0204434, 1736656244.1438692]"
"[1736655834.5261612, 1736655834.6478503]","[1736655937.9579844, 1736655938.079612]","[1736656040.066264, 1736656040.1882308]","[1736656142.2187607, 1736656142.3406448]","[1736656244.2606063, 1736656244.3841078]"
"[1736655834.775466, 1736655834.8961713]","[1736655938.1981463, 1736655938.3198466]","[1736656040.3064587, 1736656040.4281998]","[1736656142.4579697, 1736656142.580134]","[1736656244.502739, 1736656244.6246223]"
"[1736655835.0211668, 1736655835.1441207]","[1736655938.4388936, 1736655938.5615847]","[1736656040.5456073, 1736656040.6683786]","[1736656142.6976385, 1736656142.8191392]","[1736656244.7432683, 1736656244.8654876]"
"[1736655835.2724028, 1736655835.3931313]","[1736655938.6800344, 1736655938.8019755]","[1736656040.7854953, 1736656040.9072742]","[1736656142.9369187, 1736656143.059017]","[1736656244.9840624, 1736656245.1059024]"
"[1736655835.5186005, 1736655835.639107]","[1736655938.920091, 1736655939.0422986]","[1736656041.0245614, 1736656041.1477175]","[1736656143.177527, 1736656143.2993886]","[1736656245.2247534, 1736656245.3472147]"
"[1736655835.7644432, 1736655835.8858268]","[1736655939.1597373, 1736655939.2814763]","[1736656041.2653255, 1736656041.3872373]","[1736656143.4176054, 1736656143.5396278]","[1736656245.4654582, 1736656245.5873878]"
"[1736655836.0124202, 1736655836.1329935]","[1736655939.400149, 1736655939.522234]","[1736656041.5060148, 1736656041.6283166]","[1736656143.657784, 1736656143.7798886]","[1736656245.7056851, 1736656245.8275592]"
"[1736655836.2586644, 1736655836.379496]","[1736655939.6406965, 1736655939.762561]","[1736656041.7461252, 1736656041.8685846]","[1736656143.8986661, 1736656144.0211284]","[1736656245.946087, 1736656246.0678322]"
"[1736655836.5054414, 1736655836.6260455]","[1736655939.8824906, 1736655940.0041769]","[1736656041.9863412, 1736656042.1084685]","[1736656144.141363, 1736656144.2629302]","[1736656246.1871488, 1736656246.309101]"
"[1736655836.749464, 1736655836.870255]","[1736655940.1251407, 1736655940.2467084]","[1736656042.2261343, 1736656042.3480313]","[1736656144.3849356, 1736656144.5075338]","[1736656246.4262457, 1736656246.5483196]"
"[1736655836.9937537, 1736655837.1144497]","[1736655940.3665965, 1736655940.4886057]","[1736656042.4656382, 1736656042.5872886]","[1736656144.627201, 1736656144.7492447]","[1736656246.665093, 1736656246.7867022]"
"[1736655837.2379766, 1736655837.3588085]","[1736655940.6095347, 1736655940.7319164]","[1736656042.7053282, 1736656042.8269963]","[1736656144.8667543, 1736656144.9890256]","[1736656246.903788, 1736656247.0255997]"
"[1736655837.483096, 1736655837.6043494]","[1736655940.850146, 1736655940.971717]","[1736656042.945625, 1736656043.067753]","[1736656145.1072032, 1736656145.2290483]","[1736656247.143376, 1736656247.2657456]"
"[1736655837.727863, 1736655837.8492048]","[1736655941.0903711, 1736655941.212376]","[1736656043.1852589, 1736656043.3069422]","[1736656145.347365, 1736656145.4697127]","[1736656247.3839478, 1736656247.5057046]"
"[1736655837.9738555, 1736655838.0945044]","[1736655941.3302338, 1736655941.4520504]","[1736656043.424713, 1736656043.5464933]","[1736656145.588211, 1736656145.7109182]","[1736656247.6250226, 1736656247.7467177]"
"[1736655838.2183294, 1736655838.3389883]","[1736655941.5700533, 1736655941.6918986]","[1736656043.664615, 1736656043.7867112]","[1736656145.8315344, 1736656145.9543486]","[1736656247.8650494, 1736656247.9866405]"
"[1736655838.4667292, 1736655838.5888455]","[1736655941.8102183, 1736655941.9317858]","[1736656043.9058466, 1736656044.0285282]","[1736656146.072845, 1736656146.195342]","[1736656248.1050472, 1736656248.226979]"
"[1736655838.713454, 1736655838.8342345]","[1736655942.049905, 1736655942.1718779]","[1736656044.146596, 1736656044.2684526]","[1736656146.3138397, 1736656146.4358213]","[1736656248.3455849, 1736656248.467583]"
"[1736655838.95722, 1736655839.0777364]","[1736655942.2899234, 1736655942.411641]","[1736656044.3868775, 1736656044.5096817]","[1736656146.5541174, 1736656146.6784985]","[1736656248.5849092, 1736656248.707041]"
"[1736655839.2008855, 1736655839.3218803]","[1736655942.5303297, 1736655942.6535838]","[1736656044.6272268, 1736656044.7489195]","[1736656146.7960982, 1736656146.9183402]","[1736656248.8245718, 1736656248.9470296]"
"[1736655839.4485223, 1736655839.5695925]","[1736655942.7714088, 1736655942.8934386]","[1736656044.8657591, 1736656044.987492]","[1736656147.0350192, 1736656147.1568773]","[1736656249.063697, 1736656249.1852698]"
"[1736655839.6943164, 1736655839.8147533]","[1736655943.0108263, 1736655943.1328926]","[1736656045.1061454, 1736656045.2281196]","[1736656147.2745643, 1736656147.3962944]","[1736656249.3036118, 1736656249.425214]"
"[1736655839.9388962, 1736655840.0596485]","[1736655943.2517443, 1736655943.3749866]","[1736656045.3465195, 1736656045.4684126]","[1736656147.5140016, 1736656147.6357858]","[1736656249.5446842, 1736656249.6663184]"
"[1736655840.1904504, 1736655840.3116837]","[1736655943.4947677, 1736655943.6182275]","[1736656045.5862954, 1736656045.7079916]","[1736656147.7562768, 1736656147.8780124]","[1736656249.7855206, 1736656249.9075286]"
"[1736655840.4353602, 1736655840.5559075]","[1736655943.7371128, 1736655943.8588042]","[1736656045.8256176, 1736656045.9474854]","[1736656147.9955542, 1736656148.1171622]","[1736656250.0257618, 1736656250.14778]"
"[1736655840.6797893, 1736655840.8001916]","[1736655943.9777327, 1736655944.1000094]","[1736656046.065516, 1736656046.1875207]","[1736656148.2348323, 1736656148.3567617]","[1736656250.2671778, 1736656250.3894956]"
"[1736655840.9269385, 1736655841.0478272]","[1736655944.2188208, 1736655944.341019]","[1736656046.3051379, 1736656046.4267347]","[1736656148.474051, 1736656148.5957806]","[1736656250.5087137, 1736656250.6303499]"
"[1736655841.1735566, 1736655841.2943144]","[1736655944.4595327, 1736655944.5811882]","[1736656046.5449193, 1736656046.667083]","[1736656148.7141147, 1736656148.836325]","[1736656250.749918, 1736656250.8714411]"
"[1736655841.4201865, 1736655841.5411422]","[1736655944.7005367, 1736655944.822524]","[1736656046.7846527, 1736656046.9067862]","[1736656148.954095, 1736656149.0760632]","[1736656250.9913757, 1736656251.1133707]"
"[1736655841.668663, 1736655841.7894206]","[1736655944.9406004, 1736655945.0626004]","[1736656047.0240495, 1736656047.1461074]","[1736656149.1934834, 1736656149.3156173]","[1736656251.2337158, 1736656251.3562276]"
"[1736655841.9158988, 1736655842.0365047]","[1736655945.1850796, 1736655945.3070173]","[1736656047.2637005, 1736656047.385489]","[1736656149.433419, 1736656149.5559678]","[1736656251.4741244, 1736656251.596358]"
"[1736655842.165007, 1736655842.2862124]","[1736655945.4278305, 1736655945.5501866]","[1736656047.5036511, 1736656047.6258817]","[1736656149.6739078, 1736656149.796129]","[1736656251.7166603, 1736656251.839116]"
"[1736655842.4133646, 1736655842.5341408]","[1736655945.6683547, 1736655945.7902386]","[1736656047.7435024, 1736656047.8657453]","[1736656149.9154415, 1736656150.037344]","[1736656251.9585278, 1736656252.0816119]"
"[1736655842.6601768, 1736655842.780907]","[1736655945.9091117, 1736655946.0314758]","[1736656047.983686, 1736656048.1054442]","[1736656150.1603415, 1736656150.2821774]","[1736656252.199786, 1736656252.3222685]"
"[1736655842.9100058, 1736655843.0312252]","[1736655946.1504903, 1736655946.2726047]","[1736656048.223234, 1736656048.3450143]","[1736656150.4064333, 1736656150.53087]","[1736656252.4406781, 1736656252.562458]"
"[1736655843.155965, 1736655843.2767754]","[1736655946.391093, 1736655946.5140605]","[1736656048.4634283, 1736656048.5851104]","[1736656150.6531045, 1736656150.7750342]","[1736656252.6812534, 1736656252.8031926]"
"[1736655843.4027772, 1736655843.5243254]","[1736655946.6337686, 1736655946.7567918]","[1736656048.7069573, 1736656048.828717]","[1736656150.8958015, 1736656151.0174062]","[1736656252.9204903, 1736656253.042367]"
"[1736655843.6505883, 1736655843.7714453]","[1736655946.8742905, 1736655946.9966183]","[1736656048.946474, 1736656049.0684083]","[1736656151.1377795, 1736656151.259546]","[1736656253.1602695, 1736656253.2824104]"
"[1736655843.8944612, 1736655844.0151532]","[1736655947.11408, 1736655947.236222]","[1736656049.184987, 1736656049.306824]","[1736656151.3797023, 1736656151.5014203]","[1736656253.4007351, 1736656253.5226986]"
"[1736655844.1389453, 1736655844.2602324]","[1736655947.35418, 1736655947.4764311]","[1736656049.4240897, 1736656049.5462646]","[1736656151.6200125, 1736656151.7417579]","[1736656253.6404386, 1736656253.7626526]"
"[1736655844.3871124, 1736655844.5079188]","[1736655947.5948558, 1736655947.7167547]","[1736656049.6651242, 1736656049.7869623]","[1736656151.860914, 1736656151.9825854]","[1736656253.8815646, 1736656254.0033188]"
"[1736655844.6316667, 1736655844.752538]","[1736655947.8346033, 1736655947.956391]","[1736656049.9054046, 1736656050.0274026]","[1736656152.1034572, 1736656152.2258053]","[1736656254.1223767, 1736656254.244424]"
"[1736655844.8765686, 1736655844.9974012]","[1736655948.0741796, 1736655948.196441]","[1736656050.1471725, 1736656050.269081]","[1736656152.3449712, 1736656152.4666128]","[1736656254.362657, 1736656254.484735]"
"[1736655845.1223512, 1736655845.243202]","[1736655948.3152635, 1736655948.4371574]","[1736656050.3881693, 1736656050.5099921]","[1736656152.5845375, 1736656152.7063355]","[1736656254.6035411, 1736656254.7257564]"
"[1736655845.3672273, 1736655845.4883108]","[1736655948.5564377, 1736655948.6784422]","[1736656050.630308, 1736656050.7518632]","[1736656152.8243415, 1736656152.9464083]","[1736656254.8440113, 1736656254.9659336]"
"[1736655845.6128578, 1736655845.7336314]","[1736655948.7981074, 1736655948.920109]","[1736656050.8706567, 1736656050.991476]","[1736656153.064099, 1736656153.1864576]","[1736656255.0852547, 1736656255.207536]"
"[1736655845.8569942, 1736655845.9779174]","[1736655949.0390866, 1736655949.1613877]","[1736656051.1136866, 1736656051.2351098]","[1736656153.3035164, 1736656153.4257085]","[1736656255.3266265, 1736656255.4484477]"
"[1736655846.1035056, 1736655846.224735]","[1736655949.2805943, 1736655949.4022515]","[1736656051.355342, 1736656051.477684]","[1736656153.546482, 1736656153.6685846]","[1736656255.567832, 1736656255.6895278]"
"[1736655846.3496559, 1736655846.4703748]","[1736655949.5228362, 1736655949.6444376]","[1736656051.5955293, 1736656051.717781]","[1736656153.7900186, 1736656153.912559]","[1736656255.8100624, 1736656255.932132]"
"[1736655846.5943978, 1736655846.7150474]","[1736655949.764974, 1736655949.8876612]","[1736656051.8357415, 1736656051.958045]","[1736656154.030979, 1736656154.153246]","[1736656256.0507534, 1736656256.173517]"
"[1736655846.8402438, 1736655846.96286]","[1736655950.008828, 1736655950.1311376]","[1736656052.0759408, 1736656052.1975574]","[1736656154.2709274, 1736656154.3927202]","[1736656256.2940738, 1736656256.4163303]"
"[1736655847.0865686, 1736655847.207519]","[1736655950.2521982, 1736655950.376]","[1736656052.3156188, 1736656052.4373586]","[1736656154.5115955, 1736656154.6338313]","[1736656256.5341673, 1736656256.656348]"
"[1736655847.3325338, 1736655847.453506]","[1736655950.4944339, 1736655950.6165652]","[1736656052.5552173, 1736656052.6773944]","[1736656154.7512262, 1736656154.873556]","[1736656256.7749782, 1736656256.8973956]"
"[1736655847.577025, 1736655847.6984813]","[1736655950.736898, 1736655950.8589134]","[1736656052.7954345, 1736656052.9172983]","[1736656154.9926, 1736656155.1147056]","[1736656257.0181854, 1736656257.1401365]"
"[1736655847.8262944, 1736655847.9473794]","[1736655950.9771953, 1736655951.0992239]","[1736656053.035131, 1736656053.1572256]","[1736656155.2326264, 1736656155.3546932]","[1736656257.258194, 1736656257.380342]"
"[1736655848.0714235, 1736655848.1924143]","[1736655951.2200942, 1736655951.3419838]","[1736656053.2751937, 1736656053.3974476]","[1736656155.4720824, 1736656155.5943189]","[1736656257.498304, 1736656257.6200082]"
"[1736655848.3164325, 1736655848.4381754]","[1736655951.4606466, 1736655951.583079]","[1736656053.5149179, 1736656053.6370552]","[1736656155.7119873, 1736656155.833812]","[1736656257.7368467, 1736656257.8606348]"
"[1736655848.563171, 1736655848.6853104]","[1736655951.7037034, 1736655951.826907]","[1736656053.7543097, 1736656053.8765795]","[1736656155.9518244, 1736656156.0736353]","[1736656257.9787076, 1736656258.1003942]"
"[1736655848.812255, 1736655848.9331179]","[1736655951.9477956, 1736655952.0699482]","[1736656053.9969313, 1736656054.1208222]","[1736656156.1918986, 1736656156.3136218]","[1736656258.2183719, 1736656258.340507]"
"[1736655849.0594196, 1736655849.1806986]","[1736655952.1881986, 1736655952.3103456]","[1736656054.2401724, 1736656054.3631]","[1736656156.4323034, 1736656156.5544436]","[1736656258.4587846, 1736656258.5815015]"
"[1736655849.3074715, 1736655849.428107]","[1736655952.4282959, 1736655952.5503836]","[1736656054.4817793, 1736656054.6034856]","[1736656156.6717572, 1736656156.7935624]","[1736656258.6990623, 1736656258.8212793]"
"[1736655849.554508, 1736655849.675456]","[1736655952.6710503, 1736655952.7949646]","[1736656054.7218192, 1736656054.8434734]","[1736656156.9109797, 1736656157.0330496]","[1736656258.9391122, 1736656259.0611563]"
"[1736655849.804713, 1736655849.925951]","[1736655952.9130661, 1736655953.0354452]","[1736656054.9616363, 1736656055.0833623]","[1736656157.1514537, 1736656157.2736118]","[1736656259.1800842, 1736656259.3021455]"
"[1736655850.0510437, 1736655850.1723511]","[1736655953.1532142, 1736655953.2748868]","[1736656055.2019322, 1736656055.3238008]","[1736656157.3923998, 1736656157.5144033]","[1736656259.4198701, 1736656259.541536]"
"[1736655850.296995, 1736655850.418429]","[1736655953.393857, 1736655953.5158038]","[1736656055.4423962, 1736656055.5642474]","[1736656157.6315958, 1736656157.7532175]","[1736656259.6585581, 1736656259.780503]"
"[1736655850.5426927, 1736655850.6651936]","[1736655953.632737, 1736655953.7547104]","[1736656055.6822293, 1736656055.8049006]","[1736656157.8704362, 1736656157.9922607]","[1736656259.898769, 1736656260.0209515]"
"[1736655850.7887993, 1736655850.9093611]","[1736655953.8731728, 1736655953.994907]","[1736656055.9229374, 1736656056.0446382]","[1736656158.1100953, 1736656158.2321632]","[1736656260.1429946, 1736656260.26542]"
"[1736655851.0335414, 1736655851.153298]","[1736655954.113444, 1736655954.2354188]","[1736656056.1633058, 1736656056.2854662]","[1736656158.3502393, 1736656158.4720113]","[1736656260.3844726, 1736656260.506885]"
"[1736655851.2782052, 1736655851.398229]","[1736655954.3528323, 1736655954.4747522]","[1736656056.4047718, 1736656056.5267522]","[1736656158.590453, 1736656158.712356]","[1736656260.626833, 1736656260.748332]"
"[1736655851.5250754, 1736655851.6448689]","[1736655954.59315, 1736655954.714883]","[1736656056.645777, 1736656056.7673657]","[1736656158.8301566, 1736656158.9520721]","[1736656260.8670056, 1736656260.9888778]"
"[1736655851.7684648, 1736655851.888139]","[1736655954.8333015, 1736655954.9553037]","[1736656056.8866642, 1736656057.0084884]","[1736656159.0704103, 1736656159.192319]","[1736656261.108643, 1736656261.230506]"
"[1736655852.011308, 1736655852.1316075]","[1736655955.0739322, 1736655955.1964605]","[1736656057.128205, 1736656057.2493806]","[1736656159.310688, 1736656159.4329808]","[1736656261.3486955, 1736656261.4703832]"
"[1736655852.255206, 1736655852.3752365]","[1736655955.3146298, 1736655955.4366062]","[1736656057.3680003, 1736656057.489664]","[1736656159.5511525, 1736656159.6728635]","[1736656261.621888, 1736656261.7436216]"
"[1736655852.5022647, 1736655852.6243644]","[1736655955.5545971, 1736655955.676613]","[1736656057.6082718, 1736656057.730408]","[1736656159.7917104, 1736656159.9138014]","[1736656261.8607419, 1736656261.982669]"
"[1736655852.7484148, 1736655852.8686485]","[1736655955.7938526, 1736655955.9160862]","[1736656057.8500233, 1736656057.971861]","[1736656160.0313904, 1736656160.153234]","[1736656262.0995195, 1736656262.2213764]"
"[1736655852.9924316, 1736655853.1125824]","[1736655956.0338385, 1736655956.1563504]","[1736656058.0934336, 1736656058.2158504]","[1736656160.2713244, 1736656160.393071]","[1736656262.3389065, 1736656262.4610097]"
"[1736655853.2371097, 1736655853.357314]","[1736655956.276034, 1736655956.3984325]","[1736656058.334281, 1736656058.4562428]","[1736656160.5114884, 1736656160.6331046]","[1736656262.5787568, 1736656262.7007883]"
"[1736655853.4834278, 1736655853.6042588]","[1736655956.5168023, 1736655956.6389713]","[1736656058.5746217, 1736656058.697013]","[1736656160.7510533, 1736656160.87289]","[1736656262.8181672, 1736656262.9400618]"
"[1736655853.7289257, 1736655853.8492763]","[1736655956.7577233, 1736655956.8795478]","[1736656058.81554, 1736656058.9375262]","[1736656160.9909704, 1736656161.112718]","[1736656263.0583854, 1736656263.1809177]"
"[1736655853.973247, 1736655854.0933695]","[1736655956.997574, 1736655957.1199517]","[1736656059.05624, 1736656059.1797383]","[1736656161.23178, 1736656161.353827]","[1736656263.2990832, 1736656263.4209979]"
"[1736655854.2182024, 1736655854.3386471]","[1736655957.2398002, 1736655957.3617623]","[1736656059.2978714, 1736656059.4215293]","[1736656161.4710014, 1736656161.5926752]","[1736656263.5382538, 1736656263.6602197]"
"[1736655854.46227, 1736655854.581998]","[1736655957.4825513, 1736655957.6048622]","[1736656059.5399158, 1736656059.6625607]","[1736656161.7104108, 1736656161.8322406]","[1736656263.7777245, 1736656263.8997142]"
"[1736655854.7072744, 1736655854.8269625]","[1736655957.7265828, 1736655957.848711]","[1736656059.7815094, 1736656059.9031131]","[1736656161.949926, 1736656162.0720072]","[1736656264.0175197, 1736656264.1393414]"
"[1736655854.9510858, 1736655855.0707552]","[1736655957.9671357, 1736655958.089295]","[1736656060.021133, 1736656060.1435955]","[1736656162.18905, 1736656162.3109393]","[1736656264.257578, 1736656264.3795044]"
"[1736655855.1954572, 1736655855.3155231]","[1736655958.2074234, 1736655958.3291047]","[1736656060.262151, 1736656060.3840978]","[1736656162.428489, 1736656162.5501194]","[1736656264.4976902, 1736656264.6197739]"
"[1736655855.4419916, 1736655855.5635679]","[1736655958.4487126, 1736655958.572466]","[1736656060.5026157, 1736656060.6244586]","[1736656162.6683009, 1736656162.7902133]","[1736656264.738713, 1736656264.8604107]"
"[1736655855.68733, 1736655855.8075542]","[1736655958.6902568, 1736655958.8129485]","[1736656060.7426536, 1736656060.8643203]","[1736656162.9126472, 1736656163.0345685]","[1736656264.9786067, 1736656265.1003137]"
"[1736655855.9311166, 1736655856.0517542]","[1736655958.9312158, 1736655959.0529833]","[1736656060.982851, 1736656061.1044726]","[1736656163.1561966, 1736656163.2777822]","[1736656265.2194083, 1736656265.3415744]"
"[1736655856.176505, 1736655856.2967591]","[1736655959.1717649, 1736655959.29359]","[1736656061.222893, 1736656061.3447819]","[1736656163.4007201, 1736656163.5236669]","[1736656265.4598243, 1736656265.581545]"
"[1736655856.4230046, 1736655856.543173]","[1736655959.412279, 1736655959.5339718]","[1736656061.4635727, 1736656061.585453]","[1736656163.64408, 1736656163.7659047]","[1736656265.6997147, 1736656265.821663]"
"[1736655856.668003, 1736655856.788242]","[1736655959.6524503, 1736655959.7741153]","[1736656061.7050028, 1736656061.82659]","[1736656163.8858073, 1736656164.0087826]","[1736656265.940252, 1736656266.0621889]"
"[1736655856.912114, 1736655857.0317369]","[1736655959.8920724, 1736655960.0138524]","[1736656061.9447477, 1736656062.0668173]","[1736656164.126799, 1736656164.2490547]","[1736656266.1798046, 1736656266.3020296]"
"[1736655857.1568177, 1736655857.276744]","[1736655960.1327596, 1736655960.2550864]","[1736656062.183904, 1736656062.305827]","[1736656164.367508, 1736656164.489596]","[1736656266.4196112, 1736656266.5416484]"
"[1736655857.4026601, 1736655857.5236907]","[1736655960.3732924, 1736655960.494156]","[1736656062.4234726, 1736656062.5450544]","[1736656164.6085331, 1736656164.7302508]","[1736656266.6596427, 1736656266.781282]"
"[1736655857.648146, 1736655857.7684693]","[1736655960.6133723, 1736655960.7349365]","[1736656062.663381, 1736656062.7859888]","[1736656164.8478475, 1736656164.9694872]","[1736656266.8989902, 1736656267.0208879]"
"[1736655857.8924086, 1736655858.012479]","[1736655960.8527923, 1736655960.9743953]","[1736656062.906649, 1736656063.0280771]","[1736656165.0893435, 1736656165.211182]","[1736656267.1384785, 1736656267.2605982]"
"[1736655858.1371884, 1736655858.2572443]","[1736655961.0928113, 1736655961.215073]","[1736656063.1481845, 1736656063.2700558]","[1736656165.3294115, 1736656165.4511433]","[1736656267.3786898, 1736656267.5006344]"
"[1736655858.3829584, 1736655858.5027268]","[1736655961.3333254, 1736655961.4555185]","[1736656063.390714, 1736656063.5127676]","[1736656165.5688238, 1736656165.6908767]","[1736656267.6191523, 1736656267.7407947]"
"[1736655858.6271946, 1736655858.7474296]","[1736655961.5737844, 1736655961.6954694]","[1736656063.6335056, 1736656063.755607]","[1736656165.8100412, 1736656165.932067]","[1736656267.858346, 1736656267.9802785]"
"[1736655858.8709157, 1736655858.9906018]","[1736655961.8135083, 1736655961.93547]","[1736656063.8733406, 1736656063.995507]","[1736656166.0494406, 1736656166.1714046]","[1736656268.0986912, 1736656268.221026]"
"[1736655859.1170213, 1736655859.2381535]","[1736655962.0532787, 1736655962.1752365]","[1736656064.1134312, 1736656064.2357235]","[1736656166.289071, 1736656166.4113085]","[1736656268.3396688, 1736656268.4617379]"
"[1736655859.3642247, 1736655859.4848273]","[1736655962.2933376, 1736655962.4153268]","[1736656064.35277, 1736656064.4772692]","[1736656166.5281777, 1736656166.6500185]","[1736656268.5797625, 1736656268.7017815]"
"[1736655859.6087883, 1736655859.7295434]","[1736655962.5338266, 1736655962.6559358]","[1736656064.5964363, 1736656064.7192998]","[1736656166.76722, 1736656166.8893583]","[1736656268.8196166, 1736656268.9411533]"
"[1736655859.8536413, 1736655859.975126]","[1736655962.77559, 1736655962.8976645]","[1736656064.8377063, 1736656064.9602716]","[1736656167.0073264, 1736656167.129072]","[1736656269.0610898, 1736656269.1829474]"
"[1736655860.1028955, 1736655860.2237628]","[1736655963.0188653, 1736655963.1406739]","[1736656065.0793648, 1736656065.2015843]","[1736656167.2471836, 1736656167.3689609]","[1736656269.304439, 1736656269.42616]"
"[1736655860.348545, 1736655860.4692516]","[1736655963.2587888, 1736655963.3805768]","[1736656065.3198996, 1736656065.4418082]","[1736656167.4867718, 1736656167.6086679]","[1736656269.5465524, 1736656269.6682837]"
"[1736655860.5931158, 1736655860.7146997]","[1736655963.4986873, 1736655963.6205497]","[1736656065.5599551, 1736656065.682253]","[1736656167.7265568, 1736656167.8481338]","[1736656269.7879088, 1736656269.9099338]"
"[1736655860.8393323, 1736655860.9615457]","[1736655963.741424, 1736655963.8635542]","[1736656065.7998834, 1736656065.9217691]","[1736656167.9662614, 1736656168.088185]","[1736656270.029258, 1736656270.1519678]"
"[1736655861.0861232, 1736655861.2069788]","[1736655963.9844944, 1736655964.1062303]","[1736656066.0398448, 1736656066.1620815]","[1736656168.207544, 1736656168.3294556]","[1736656270.2694669, 1736656270.391171]"
"[1736655861.3305697, 1736655861.4511373]","[1736655964.2243707, 1736655964.3468065]","[1736656066.279743, 1736656066.4016216]","[1736656168.4480853, 1736656168.5698411]","[1736656270.5098865, 1736656270.6324108]"
"[1736655861.5753994, 1736655861.6961749]","[1736655964.4647124, 1736655964.5868566]","[1736656066.5195267, 1736656066.6414175]","[1736656168.6871827, 1736656168.8088136]","[1736656270.7518523, 1736656270.8759882]"
"[1736655861.8204248, 1736655861.9412613]","[1736655964.7055542, 1736655964.8272152]","[1736656066.7594855, 1736656066.8815541]","[1736656168.9278193, 1736656169.0498195]","[1736656270.9941754, 1736656271.1165392]"
"[1736655862.065998, 1736655862.186839]","[1736655964.94713, 1736655965.070262]","[1736656067.0001273, 1736656067.1221147]","[1736656169.1673758, 1736656169.289283]","[1736656271.2350512, 1736656271.35711]"
"[1736655862.311468, 1736655862.4324186]","[1736655965.1877346, 1736655965.3098128]","[1736656067.240548, 1736656067.3626716]","[1736656169.4069924, 1736656169.528877]","[1736656271.47508, 1736656271.5970693]"
"[1736655862.559052, 1736655862.6814172]","[1736655965.4278924, 1736655965.550683]","[1736656067.4807746, 1736656067.6024659]","[1736656169.646395, 1736656169.7681475]","[1736656271.714945, 1736656271.8368797]"
"[1736655862.8049188, 1736655862.9258075]","[1736655965.66971, 1736655965.7917094]","[1736656067.7205954, 1736656067.8422072]","[1736656169.8865669, 1736656170.0083146]","[1736656271.9550881, 1736656272.077404]"
"[1736655863.0496573, 1736655863.170274]","[1736655965.9094014, 1736655966.0311995]","[1736656067.9602938, 1736656068.0819764]","[1736656170.1274858, 1736656170.2498736]","[1736656272.19487, 1736656272.3168674]"
"[1736655863.2937875, 1736655863.4146771]","[1736655966.1498463, 1736655966.271706]","[1736656068.1999078, 1736656068.3219204]","[1736656170.3677826, 1736656170.4896195]","[1736656272.4347277, 1736656272.5572956]"
"[1736655863.5407784, 1736655863.6618927]","[1736655966.390089, 1736655966.511761]","[1736656068.4398232, 1736656068.5618203]","[1736656170.6075323, 1736656170.7292473]","[1736656272.6739004, 1736656272.7969077]"
"[1736655863.7859175, 1736655863.906925]","[1736655966.6289322, 1736655966.751206]","[1736656068.6797738, 1736656068.8017504]","[1736656170.846653, 1736656170.9687412]","[1736656272.9149523, 1736656273.036982]"
"[1736655864.031197, 1736655864.1523883]","[1736655966.8687723, 1736655966.9905233]","[1736656068.919968, 1736656069.041692]","[1736656171.0860965, 1736656171.207903]","[1736656273.1545079, 1736656273.2764857]"
"[1736655864.27665, 1736655864.3972955]","[1736655967.1095927, 1736655967.2317848]","[1736656069.1592293, 1736656069.2809799]","[1736656171.3260334, 1736656171.448141]","[1736656273.3957756, 1736656273.5179932]"
"[1736655864.5216565, 1736655864.642456]","[1736655967.352615, 1736655967.4741242]","[1736656069.3994403, 1736656069.5215492]","[1736656171.5662563, 1736656171.6879501]","[1736656273.6361945, 1736656273.7581291]"
"[1736655864.7671409, 1736655864.8878975]","[1736655967.5950198, 1736655967.7168844]","[1736656069.6405828, 1736656069.7621815]","[1736656171.8067112, 1736656171.9293065]","[1736656273.8756819, 1736656273.9978282]"
"[1736655865.0120668, 1736655865.1338081]","[1736655967.8389895, 1736655967.9608212]","[1736656069.8804486, 1736656070.0023386]","[1736656172.0473764, 1736656172.1691046]","[1736656274.1152015, 1736656274.2371721]"
"[1736655865.2582943, 1736655865.3806813]","[1736655968.085127, 1736655968.2094355]","[1736656070.1242476, 1736656070.2458107]","[1736656172.2873108, 1736656172.4094174]","[1736656274.355205, 1736656274.4769866]"
"[1736655865.505777, 1736655865.6267672]","[1736655968.3286233, 1736655968.4503026]","[1736656070.3645003, 1736656070.4862504]","[1736656172.5271041, 1736656172.64892]","[1736656274.59465, 1736656274.71689]"
"[1736655865.750582, 1736655865.8717046]","[1736655968.568594, 1736655968.6906166]","[1736656070.607188, 1736656070.7286413]","[1736656172.7667441, 1736656172.8885903]","[1736656274.8347476, 1736656274.9575658]"
"[1736655865.9974077, 1736655866.1193204]","[1736655968.808074, 1736655968.9303687]","[1736656070.848813, 1736656070.970931]","[1736656173.0061057, 1736656173.128144]","[1736656275.075157, 1736656275.1973267]"
"[1736655866.244075, 1736655866.365054]","[1736655969.048316, 1736655969.169985]","[1736656071.0908237, 1736656071.2132115]","[1736656173.2462761, 1736656173.3681173]","[1736656275.3157096, 1736656275.4374084]"
"[1736655866.4886112, 1736655866.6092827]","[1736655969.2882502, 1736655969.4103687]","[1736656071.3311744, 1736656071.4533732]","[1736656173.4859834, 1736656173.6080081]","[1736656275.5551424, 1736656275.6767807]"
"[1736655866.7330763, 1736655866.8537467]","[1736655969.5278387, 1736655969.649662]","[1736656071.5736458, 1736656071.6967807]","[1736656173.7268054, 1736656173.8485796]","[1736656275.7998471, 1736656275.9220228]"
"[1736655866.9807289, 1736655867.1013668]","[1736655969.7679513, 1736655969.8899958]","[1736656071.8150263, 1736656071.9382305]","[1736656173.9680839, 1736656174.0898466]","[1736656276.0420258, 1736656276.1637337]"
"[1736655867.2265089, 1736655867.3471794]","[1736655970.008803, 1736655970.1306455]","[1736656072.0565436, 1736656072.1782951]","[1736656174.2087882, 1736656174.3307636]","[1736656276.2820609, 1736656276.403533]"
"[1736655867.4738524, 1736655867.5952146]","[1736655970.2505536, 1736655970.3723233]","[1736656072.2973995, 1736656072.4193637]","[1736656174.4490755, 1736656174.5709062]","[1736656276.5252345, 1736656276.6475775]"
"[1736655867.7193894, 1736655867.8402724]","[1736655970.4898279, 1736655970.6114168]","[1736656072.5384345, 1736656072.6601365]","[1736656174.6903973, 1736656174.8123538]","[1736656276.7683165, 1736656276.8908205]"
"[1736655867.9637704, 1736655868.084586]","[1736655970.7296586, 1736655970.8516583]","[1736656072.7788918, 1736656072.9004724]","[1736656174.9335728, 1736656175.0553918]","[1736656277.0102458, 1736656277.1334646]"
"[1736655868.2083845, 1736655868.3293006]","[1736655970.9700093, 1736655971.0917742]","[1736656073.0174417, 1736656073.1393585]","[1736656175.1762164, 1736656175.2986946]","[1736656277.2519212, 1736656277.3746183]"
"[1736655868.452953, 1736655868.5736604]","[1736655971.2106407, 1736655971.3327048]","[1736656073.2574987, 1736656073.3792865]","[1736656175.4198449, 1736656175.5422528]","[1736656277.4924495, 1736656277.6144197]"
"[1736655868.6970053, 1736655868.8192365]","[1736655971.45084, 1736655971.5728414]","[1736656073.4973283, 1736656073.619429]","[1736656175.6621516, 1736656175.7844646]","[1736656277.7320373, 1736656277.8550758]"
"[1736655868.94338, 1736655869.0642602]","[1736655971.6903884, 1736655971.8122745]","[1736656073.736882, 1736656073.8587155]","[1736656175.9026246, 1736656176.0254302]","[1736656277.9736097, 1736656278.095797]"
"[1736655869.1898754, 1736655869.3108206]","[1736655971.931954, 1736655972.0543664]","[1736656073.976129, 1736656074.0982354]","[1736656176.1440656, 1736656176.266124]","[1736656278.2148561, 1736656278.3368106]"
"[1736655869.4370737, 1736655869.55868]","[1736655972.1728916, 1736655972.2948186]","[1736656074.2158298, 1736656074.3375614]","[1736656176.3850179, 1736656176.5069504]","[1736656278.454662, 1736656278.5764902]"
"[1736655869.6854665, 1736655869.8069088]","[1736655972.4150064, 1736655972.5365703]","[1736656074.456143, 1736656074.5777645]","[1736656176.6251988, 1736656176.7471793]","[1736656278.6947734, 1736656278.8164892]"
"[1736655869.9306011, 1736655870.0519917]","[1736655972.6575303, 1736655972.780074]","[1736656074.6954155, 1736656074.8186007]","[1736656176.8652186, 1736656176.9867697]","[1736656278.9360297, 1736656279.0576408]"
"[1736655870.1799533, 1736655870.300517]","[1736655972.9001951, 1736655973.0221043]","[1736656074.9365013, 1736656075.058182]","[1736656177.10385, 1736656177.2261808]","[1736656279.176245, 1736656279.2980769]"
"[1736655870.4249506, 1736655870.5462422]","[1736655973.141722, 1736655973.264135]","[1736656075.1774335, 1736656075.299177]","[1736656177.3432558, 1736656177.4654238]","[1736656279.4154437, 1736656279.5376933]"
"[1736655870.6698074, 1736655870.7906885]","[1736655973.3818698, 1736655973.5040073]","[1736656075.4176652, 1736656075.5393572]","[1736656177.583746, 1736656177.7059987]","[1736656279.6556177, 1736656279.7772875]"
"[1736655870.9166532, 1736655871.0388107]","[1736655973.6219106, 1736655973.7445369]","[1736656075.6569023, 1736656075.779034]","[1736656177.8241482, 1736656177.9459248]","[1736656279.899089, 1736656280.0214827]"
"[1736655871.1637502, 1736655871.2847593]","[1736655973.8640456, 1736655973.987545]","[1736656075.8966422, 1736656076.0185583]","[1736656178.0652657, 1736656178.1869936]","[1736656280.149319, 1736656280.2725446]"
"[1736655871.4098227, 1736655871.5311832]","[1736655974.1055844, 1736655974.228662]","[1736656076.136473, 1736656076.2584836]","[1736656178.305072, 1736656178.427155]","[1736656280.3928883, 1736656280.515409]"
"[1736655871.6588967, 1736655871.7798817]","[1736655974.3472009, 1736655974.469048]","[1736656076.3764825, 1736656076.4989758]","[1736656178.5452116, 1736656178.666985]","[1736656280.6357336, 1736656280.757795]"
"[1736655871.904368, 1736655872.0255876]","[1736655974.5873418, 1736655974.7094562]","[1736656076.6165326, 1736656076.7382643]","[1736656178.7851546, 1736656178.906826]","[1736656280.8834841, 1736656281.0060253]"
"[1736655872.149172, 1736655872.2700503]","[1736655974.8280451, 1736655974.9503224]","[1736656076.8561513, 1736656076.9782543]","[1736656179.0252268, 1736656179.1471837]","[1736656281.1283035, 1736656281.251453]"
"[1736655872.3953307, 1736655872.517393]","[1736655975.069081, 1736655975.1908667]","[1736656077.0961463, 1736656077.218382]","[1736656179.2654645, 1736656179.3871136]","[1736656281.371754, 1736656281.493421]"
"[1736655872.6407542, 1736655872.7613845]","[1736655975.3092258, 1736655975.4309099]","[1736656077.3367493, 1736656077.4589863]","[1736656179.504747, 1736656179.6265612]","[1736656281.61328, 1736656281.7350693]"
"[1736655872.884694, 1736655873.0054889]","[1736655975.5492358, 1736655975.6713378]","[1736656077.5773857, 1736656077.6988254]","[1736656179.7457314, 1736656179.867578]","[1736656281.857068, 1736656281.9788854]"
"[1736655873.1287482, 1736655873.249565]","[1736655975.7894435, 1736655975.9110827]","[1736656077.8164074, 1736656077.9380548]","[1736656179.9851494, 1736656180.1073833]","[1736656282.1007276, 1736656282.2223206]"
"[1736655873.3760638, 1736655873.4969018]","[1736655976.0293038, 1736655976.1513543]","[1736656078.0561829, 1736656078.1788445]","[1736656180.2261407, 1736656180.3490152]","[1736656282.3460138, 1736656282.4679544]"
"[1736655873.621663, 1736655873.7422552]","[1736655976.269829, 1736655976.392853]","[1736656078.2966053, 1736656078.4186983]","[1736656180.4671211, 1736656180.5889149]","[1736656282.5896, 1736656282.7127433]"
"[1736655873.8669245, 1736655873.9878924]","[1736655976.511641, 1736655976.633922]","[1736656078.537185, 1736656078.6592548]","[1736656180.7067673, 1736656180.828755]","[1736656282.8342786, 1736656282.9560614]"
"[1736655874.1141589, 1736655874.2383583]","[1736655976.7531936, 1736655976.8750403]","[1736656078.7775855, 1736656078.8996947]","[1736656180.9467802, 1736656181.0689764]","[1736656283.0759673, 1736656283.198528]"
"[1736655874.3625548, 1736655874.483601]","[1736655976.9962482, 1736655977.1179473]","[1736656079.0170507, 1736656079.1385815]","[1736656181.1878097, 1736656181.3101082]","[1736656283.3222752, 1736656283.4447913]"
"[1736655874.607542, 1736655874.7285469]","[1736655977.2392633, 1736655977.3608892]","[1736656079.25634, 1736656079.3783283]","[1736656181.4312146, 1736656181.5530357]","[1736656283.5675297, 1736656283.6891296]"
"[1736655874.8549933, 1736655874.977033]","[1736655977.4796796, 1736655977.6014173]","[1736656079.496173, 1736656079.6184266]","[1736656181.673033, 1736656181.7951233]","[1736656283.811379, 1736656283.9334123]"
"[1736655875.1023567, 1736655875.2235315]","[1736655977.7197366, 1736655977.8421738]","[1736656079.7360098, 1736656079.8580096]","[1736656181.9181619, 1736656182.0399334]","[1736656284.0549073, 1736656284.1769745]"
"[1736655875.3478396, 1736655875.4699633]","[1736655977.960331, 1736655978.082672]","[1736656079.978482, 1736656080.1008084]","[1736656182.1637187, 1736656182.2855566]","[1736656284.2990901, 1736656284.420979]"
"[1736655875.5960677, 1736655875.7179844]","[1736655978.202652, 1736655978.3261495]","[1736656080.2316947, 1736656080.35529]","[1736656182.4076033, 1736656182.529489]","[1736656284.5416892, 1736656284.6641858]"
"[1736655875.8426158, 1736655875.9636257]","[1736655978.4451337, 1736655978.566848]","[1736656080.480121, 1736656080.6020164]","[1736656182.651902, 1736656182.7734632]","[1736656284.7842863, 1736656284.9060562]"
"[1736655876.0871031, 1736655876.2081168]","[1736655978.6863456, 1736655978.8081362]","[1736656080.7225223, 1736656080.8441567]","[1736656182.8973157, 1736656183.019824]","[1736656285.0243273, 1736656285.1461005]"
"[1736655876.3348682, 1736655876.4559987]","[1736655978.9268966, 1736655979.0489326]","[1736656080.9651515, 1736656081.0873897]","[1736656183.1421332, 1736656183.2643673]","[1736656285.2646675, 1736656285.3863533]"
"[1736655876.5809557, 1736655876.7018743]","[1736655979.1674051, 1736655979.2894866]","[1736656081.2083747, 1736656081.3320336]","[1736656183.3822186, 1736656183.5046685]","[1736656285.5043383, 1736656285.6259985]"
"[1736655876.8253565, 1736655876.9459107]","[1736655979.408, 1736655979.5296898]","[1736656081.4503353, 1736656081.5724993]","[1736656183.6223357, 1736656183.7445946]","[1736656285.7445958, 1736656285.8667464]"
"[1736655877.0703495, 1736655877.1917763]","[1736655979.6487312, 1736655979.770394]","[1736656081.6914685, 1736656081.8143384]","[1736656183.8622923, 1736656183.9843764]","[1736656285.9849706, 1736656286.1071644]"
"[1736655877.3158503, 1736655877.437031]","[1736655979.8898249, 1736655980.0117605]","[1736656081.9318783, 1736656082.055654]","[1736656184.102935, 1736656184.224523]","[1736656286.2249472, 1736656286.3468754]"
"[1736655877.5610037, 1736655877.6822312]","[1736655980.1310966, 1736655980.253259]","[1736656082.1730824, 1736656082.2950218]","[1736656184.3422065, 1736656184.4638612]","[1736656286.4642045, 1736656286.5864236]"
"[1736655877.8058891, 1736655877.9269464]","[1736655980.372399, 1736655980.4939601]","[1736656082.4138021, 1736656082.5356889]","[1736656184.5823202, 1736656184.7044868]","[1736656286.7078142, 1736656286.8295135]"
"[1736655878.0538275, 1736655878.1748343]","[1736655980.6128776, 1736655980.734677]","[1736656082.6542802, 1736656082.7763767]","[1736656184.8230128, 1736656184.9450274]","[1736656286.9479396, 1736656287.071647]"
"[1736655878.2986429, 1736655878.41924]","[1736655980.8556795, 1736655980.978177]","[1736656082.8950083, 1736656083.0173566]","[1736656185.0636175, 1736656185.1870458]","[1736656287.1906817, 1736656287.31282]"
"[1736655878.545996, 1736655878.6670809]","[1736655981.0987701, 1736655981.22112]","[1736656083.1346114, 1736656083.2565873]","[1736656185.3058813, 1736656185.4279456]","[1736656287.431147, 1736656287.5528827]"
"[1736655878.7941175, 1736655878.915586]","[1736655981.3400056, 1736655981.4619045]","[1736656083.3743443, 1736656083.4960697]","[1736656185.5457647, 1736656185.6675403]","[1736656287.6717014, 1736656287.7939386]"
"[1736655879.0392957, 1736655879.1600237]","[1736655981.580336, 1736655981.7049432]","[1736656083.6141696, 1736656083.735768]","[1736656185.7850337, 1736656185.907008]","[1736656287.9124224, 1736656288.0345044]"
"[1736655879.2833834, 1736655879.404233]","[1736655981.823219, 1736655981.9460142]","[1736656083.852881, 1736656083.9749596]","[1736656186.0247536, 1736656186.146521]","[1736656288.152719, 1736656288.2743552]"
"[1736655879.5276809, 1736655879.6479692]","[1736655982.0650017, 1736655982.1871643]","[1736656084.0919926, 1736656084.2142546]","[1736656186.2644842, 1736656186.3865485]","[1736656288.392426, 1736656288.5141304]"
"[1736655879.7749667, 1736655879.8960176]","[1736655982.3056808, 1736655982.4272091]","[1736656084.3321416, 1736656084.454677]","[1736656186.5049815, 1736656186.627057]","[1736656288.6324172, 1736656288.7545664]"
"[1736655880.0206017, 1736655880.141712]","[1736655982.5463595, 1736655982.6686718]","[1736656084.5723956, 1736656084.6944268]","[1736656186.7452967, 1736656186.8669798]","[1736656288.8726733, 1736656288.9945161]"
"[1736655880.2651613, 1736655880.3859348]","[1736655982.787182, 1736655982.9090116]","[1736656084.813902, 1736656084.93565]","[1736656186.9848764, 1736656187.1075468]","[1736656289.112524, 1736656289.2342193]"
"[1736655880.5492065, 1736655880.6701002]","[1736655983.0265944, 1736655983.1486554]","[1736656085.0537238, 1736656085.176657]","[1736656187.2304614, 1736656187.3525555]","[1736656289.3524935, 1736656289.4740815]"
"[1736655880.7979403, 1736655880.9190495]","[1736655983.2670467, 1736655983.3889709]","[1736656085.2944047, 1736656085.416411]","[1736656187.4728599, 1736656187.5963979]","[1736656289.5920532, 1736656289.7138007]"
"[1736655881.0434344, 1736655881.164493]","[1736655983.5067036, 1736655983.6287947]","[1736656085.5343223, 1736656085.6563773]","[1736656187.7150612, 1736656187.8367398]","[1736656289.8323274, 1736656289.9540117]"
"[1736655881.2917397, 1736655881.4142294]","[1736655983.746982, 1736655983.8689322]","[1736656085.7743058, 1736656085.8962996]","[1736656187.9552593, 1736656188.0774398]","[1736656290.072535, 1736656290.194444]"
"[1736655881.539737, 1736655881.660311]","[1736655983.9866073, 1736655984.1087363]","[1736656086.0142183, 1736656086.1358788]","[1736656188.1942885, 1736656188.3160164]","[1736656290.312586, 1736656290.4342337]"
"[1736655881.7844281, 1736655881.9057148]","[1736655984.2263894, 1736655984.348384]","[1736656086.2533357, 1736656086.3754294]","[1736656188.433241, 1736656188.5553563]","[1736656290.5522158, 1736656290.6740842]"
"[1736655882.0330253, 1736655882.1560402]","[1736655984.4672081, 1736655984.5896034]","[1736656086.4932988, 1736656086.614983]","[1736656188.6737514, 1736656188.795457]","[1736656290.7922635, 1736656290.913864]"
"[1736655882.28091, 1736655882.4020588]","[1736655984.7087235, 1736655984.8306878]","[1736656086.7329607, 1736656086.8545942]","[1736656188.9132745, 1736656189.0355856]","[1736656291.032266, 1736656291.1541197]"
"[1736655882.5263119, 1736655882.6470697]","[1736655984.9505591, 1736655985.0725987]","[1736656086.9729884, 1736656087.0951753]","[1736656189.1544406, 1736656189.276586]","[1736656291.271925, 1736656291.3939936]"
"[1736655882.7744446, 1736655882.8955235]","[1736655985.192064, 1736655985.3141778]","[1736656087.2137768, 1736656087.335979]","[1736656189.3949928, 1736656189.5171952]","[1736656291.5124283, 1736656291.6340804]"
"[1736655883.020632, 1736655883.1420717]","[1736655985.433771, 1736655985.5552945]","[1736656087.4536476, 1736656087.5758371]","[1736656189.6385505, 1736656189.7615457]","[1736656291.751945, 1736656291.8737981]"
"[1736655883.2667189, 1736655883.3887422]","[1736655985.6752038, 1736655985.797752]","[1736656087.6933582, 1736656087.8152077]","[1736656189.8795848, 1736656190.0013664]","[1736656291.991754, 1736656292.1136825]"
"[1736655883.5170135, 1736655883.637626]","[1736655985.916455, 1736655986.0383394]","[1736656087.9325054, 1736656088.0542843]","[1736656190.120886, 1736656190.2426772]","[1736656292.232091, 1736656292.3537607]"
"[1736655883.762547, 1736655883.8830073]","[1736655986.1557913, 1736655986.2779198]","[1736656088.1723442, 1736656088.2942042]","[1736656190.3599176, 1736656190.4818795]","[1736656292.4718819, 1736656292.593751]"
"[1736655884.0083678, 1736655884.1294675]","[1736655986.3962355, 1736655986.5178459]","[1736656088.4123037, 1736656088.5342133]","[1736656190.600155, 1736656190.7221127]","[1736656292.712093, 1736656292.8337834]"
"[1736655884.2534606, 1736655884.3752131]","[1736655986.6379368, 1736655986.7599652]","[1736656088.651873, 1736656088.7736883]","[1736656190.8399115, 1736656190.9618394]","[1736656292.9516144, 1736656293.0734892]"
"[1736655884.4997833, 1736655884.620353]","[1736655986.8782814, 1736655986.9997292]","[1736656088.8910747, 1736656089.012709]","[1736656191.0799947, 1736656191.2019296]","[1736656293.1919963, 1736656293.3139803]"
"[1736655884.7448962, 1736655884.8654883]","[1736655987.1188715, 1736655987.2417843]","[1736656089.1304724, 1736656089.2531357]","[1736656191.3194785, 1736656191.4413905]","[1736656293.4320612, 1736656293.5537124]"
"[1736655884.9897149, 1736655885.1110692]","[1736655987.3603678, 1736655987.483613]","[1736656089.371677, 1736656089.4937587]","[1736656191.5604513, 1736656191.6834238]","[1736656293.6723685, 1736656293.7942054]"
"[1736655885.2365792, 1736655885.358276]","[1736655987.6016505, 1736655987.724076]","[1736656089.6130977, 1736656089.734765]","[1736656191.8042874, 1736656191.9263783]","[1736656293.9125369, 1736656294.0345278]"
"[1736655885.4826152, 1736655885.6031508]","[1736655987.8416393, 1736655987.9639437]","[1736656089.8523235, 1736656089.9740477]","[1736656192.0502427, 1736656192.172138]","[1736656294.1520867, 1736656294.2744775]"
"[1736655885.727186, 1736655885.8483377]","[1736655988.08182, 1736655988.2040179]","[1736656090.0927312, 1736656090.2148232]","[1736656192.2944822, 1736656192.4166808]","[1736656294.3931167, 1736656294.514789]"
"[1736655885.976925, 1736655886.098429]","[1736655988.321816, 1736655988.4439018]","[1736656090.332837, 1736656090.4544406]","[1736656192.5384269, 1736656192.6605656]","[1736656294.63372, 1736656294.7553365]"
"[1736655886.2224653, 1736655886.3439457]","[1736655988.5615993, 1736655988.6843107]","[1736656090.5723815, 1736656090.6944137]","[1736656192.7813249, 1736656192.9031525]","[1736656294.8766668, 1736656294.9984398]"
"[1736655886.4692879, 1736655886.5904]","[1736655988.8019195, 1736655988.9237804]","[1736656090.8120272, 1736656090.9336762]","[1736656193.023514, 1736656193.1453369]","[1736656295.1206467, 1736656295.2428646]"
"[1736655886.714948, 1736655886.8358817]","[1736655989.0424864, 1736655989.1641831]","[1736656091.0515835, 1736656091.1734822]","[1736656193.2656133, 1736656193.3875234]","[1736656295.3602026, 1736656295.4825242]"
"[1736655886.9608243, 1736655887.0817049]","[1736655989.2830868, 1736655989.405245]","[1736656091.2928743, 1736656091.4145033]","[1736656193.5086625, 1736656193.63054]","[1736656295.6007288, 1736656295.7226496]"
"[1736655887.2087965, 1736655887.3301601]","[1736655989.52309, 1736655989.6448615]","[1736656091.5317261, 1736656091.6536212]","[1736656193.7516239, 1736656193.8744843]","[1736656295.8421288, 1736656295.9639328]"
"[1736655887.4550474, 1736655887.575667]","[1736655989.7628245, 1736655989.8845758]","[1736656091.7722619, 1736656091.894207]","[1736656193.9948423, 1736656194.117743]","[1736656296.0849981, 1736656296.2068849]"
"[1736655887.7004464, 1736655887.8215961]","[1736655990.0027864, 1736655990.124924]","[1736656092.0118072, 1736656092.133593]","[1736656194.2387292, 1736656194.3606927]","[1736656296.3284578, 1736656296.4503667]"
"[1736655887.9477305, 1736655888.0693688]","[1736655990.242749, 1736655990.364683]","[1736656092.2513337, 1736656092.373138]","[1736656194.4816477, 1736656194.6034443]","[1736656296.5703197, 1736656296.6920393]"
"[1736655888.193833, 1736655888.315251]","[1736655990.4818726, 1736655990.6036549]","[1736656092.4898088, 1736656092.6115978]","[1736656194.7213893, 1736656194.8438292]","[1736656296.8116167, 1736656296.933713]"
"[1736655888.4401836, 1736655888.5606186]","[1736655990.721625, 1736655990.8433614]","[1736656092.7290242, 1736656092.8519633]","[1736656194.9636025, 1736656195.0853722]","[1736656297.0530028, 1736656297.1750896]"
"[1736655888.6860392, 1736655888.8070507]","[1736655990.961657, 1736655991.0837514]","[1736656092.9696918, 1736656093.0915573]","[1736656195.204136, 1736656195.3258824]","[1736656297.2962043, 1736656297.4178338]"
"[1736655888.9347248, 1736655889.0556111]","[1736655991.2027683, 1736655991.3249254]","[1736656093.2098422, 1736656093.331389]","[1736656195.4437733, 1736656195.5655777]","[1736656297.5388083, 1736656297.661067]"
"[1736655889.1802893, 1736655889.3018396]","[1736655991.4440508, 1736655991.5658724]","[1736656093.4507139, 1736656093.5729575]","[1736656195.6829565, 1736656195.8049846]","[1736656297.7821069, 1736656297.9047928]"
"[1736655889.427819, 1736655889.5484493]","[1736655991.6836457, 1736655991.8055708]","[1736656093.6911438, 1736656093.8130393]","[1736656195.9233413, 1736656196.04502]","[1736656298.0231109, 1736656298.1468382]"
"[1736655889.673803, 1736655889.7949753]","[1736655991.923912, 1736655992.0461338]","[1736656093.9306462, 1736656094.052333]","[1736656196.1634033, 1736656196.2851493]","[1736656298.2649825, 1736656298.3869753]"
"[1736655889.9195666, 1736655890.0405915]","[1736655992.1651974, 1736655992.2871802]","[1736656094.1701703, 1736656094.2917998]","[1736656196.404033, 1736656196.5257695]","[1736656298.504576, 1736656298.628945]"
"[1736655890.1678772, 1736655890.2898011]","[1736655992.4048328, 1736655992.5266752]","[1736656094.4106, 1736656094.5326595]","[1736656196.6454055, 1736656196.7676308]","[1736656298.7459393, 1736656298.8680413]"
"[1736655890.4150546, 1736655890.5356388]","[1736655992.6441855, 1736655992.7661898]","[1736656094.6506164, 1736656094.7727344]","[1736656196.8876207, 1736656197.0094185]","[1736656298.9860246, 1736656299.1078973]"
"[1736655890.6605287, 1736655890.7815363]","[1736655992.884713, 1736655993.0064545]","[1736656094.890414, 1736656095.0129652]","[1736656197.1303244, 1736656197.2525485]","[1736656299.2263958, 1736656299.3483047]"
"[1736655890.9061086, 1736655891.0274076]","[1736655993.123989, 1736655993.2457306]","[1736656095.1314797, 1736656095.2532]","[1736656197.370825, 1736656197.4926884]","[1736656299.4657133, 1736656299.5888126]"
"[1736655891.1533046, 1736655891.274555]","[1736655993.3638895, 1736655993.4858878]","[1736656095.3708787, 1736656095.492505]","[1736656197.6100674, 1736656197.7320576]","[1736656299.707578, 1736656299.829512]"
"[1736655891.399727, 1736655891.520226]","[1736655993.6040192, 1736655993.7259326]","[1736656095.6110616, 1736656095.733056]","[1736656197.853394, 1736656197.9751275]","[1736656299.947793, 1736656300.06978]"
"[1736655891.6445818, 1736655891.7661347]","[1736655993.8443267, 1736655993.966319]","[1736656095.8506494, 1736656095.9723296]","[1736656198.0935378, 1736656198.217001]","[1736656300.1883452, 1736656300.310425]"
"[1736655891.893513, 1736655892.014473]","[1736655994.0852818, 1736655994.2073574]","[1736656096.0899968, 1736656096.2118893]","[1736656198.3345423, 1736656198.4564188]","[1736656300.4287972, 1736656300.550706]"
"[1736655892.1392384, 1736655892.2605374]","[1736655994.3259468, 1736655994.4477816]","[1736656096.3344445, 1736656096.4564524]","[1736656198.574883, 1736656198.6980095]","[1736656300.6679323, 1736656300.7899249]"
"[1736655892.3846805, 1736655892.5059166]","[1736655994.5672143, 1736655994.6893036]","[1736656096.5794547, 1736656096.70157]","[1736656198.8168454, 1736656198.938946]","[1736656300.9079444, 1736656301.0300026]"
"[1736655892.6327708, 1736655892.7536554]","[1736655994.8090606, 1736655994.930885]","[1736656096.822117, 1736656096.9440186]","[1736656199.057879, 1736656199.1799817]","[1736656301.1486359, 1736656301.2707217]"
"[1736655892.8785465, 1736655892.9995477]","[1736655995.050382, 1736655995.1721666]","[1736656097.0657473, 1736656097.1888368]","[1736656199.298403, 1736656199.420469]","[1736656301.3886218, 1736656301.5105352]"
"[1736655893.1249437, 1736655893.2462933]","[1736655995.2917643, 1736655995.413692]","[1736656097.3094747, 1736656097.431537]","[1736656199.5383704, 1736656199.6600752]","[1736656301.628496, 1736656301.7506237]"
"[1736655893.3724587, 1736655893.4931095]","[1736655995.5344284, 1736655995.656446]","[1736656097.5519454, 1736656097.673729]","[1736656199.7788103, 1736656199.9007628]","[1736656301.8686872, 1736656301.9905908]"
"[1736655893.6173007, 1736655893.7386193]","[1736655995.7748342, 1736655995.896885]","[1736656097.7947185, 1736656097.9166183]","[1736656200.0196118, 1736656200.1418166]","[1736656302.1093338, 1736656302.2311518]"
"[1736655893.8648443, 1736655893.9864051]","[1736655996.0173063, 1736655996.1408918]","[1736656098.04152, 1736656098.1632333]","[1736656200.2601514, 1736656200.3821673]","[1736656302.3495767, 1736656302.471261]"
"[1736655894.1111946, 1736655894.2325222]","[1736655996.259068, 1736655996.3814428]","[1736656098.2843485, 1736656098.4092536]","[1736656200.5004158, 1736656200.6223166]","[1736656302.5897498, 1736656302.7120302]"
"[1736655894.3571625, 1736655894.4781165]","[1736655996.499016, 1736655996.6212833]","[1736656098.5275238, 1736656098.6505003]","[1736656200.7408295, 1736656200.862605]","[1736656302.830364, 1736656302.952055]"
"[1736655894.602921, 1736655894.7239656]","[1736655996.7399156, 1736655996.8617973]","[1736656098.7680848, 1736656098.8899357]","[1736656200.981361, 1736656201.1030507]","[1736656303.0706565, 1736656303.1929789]"
"[1736655894.8504758, 1736655894.9722455]","[1736655996.9794912, 1736655997.1017582]","[1736656099.0071692, 1736656099.1293557]","[1736656201.2207932, 1736656201.343057]","[1736656303.3134289, 1736656303.4350433]"
"[1736655895.096775, 1736655895.2180655]","[1736655997.21891, 1736655997.3412209]","[1736656099.2478316, 1736656099.3695457]","[1736656201.4620657, 1736656201.5837169]","[1736656303.554859, 1736656303.6789064]"
"[1736655895.3429532, 1736655895.464906]","[1736655997.459379, 1736655997.5813522]","[1736656099.4880407, 1736656099.6096878]","[1736656201.7046874, 1736656201.8263102]","[1736656303.799056, 1736656303.9208212]"
"[1736655895.5920892, 1736655895.71379]","[1736655997.699954, 1736655997.8221192]","[1736656099.7276123, 1736656099.8495805]","[1736656201.9452033, 1736656202.0668683]","[1736656304.039275, 1736656304.1615212]"
"[1736655895.8381114, 1736655895.959674]","[1736655997.9403727, 1736655998.062875]","[1736656099.9678857, 1736656100.09004]","[1736656202.1877944, 1736656202.3099537]","[1736656304.279054, 1736656304.4007926]"
"[1736655896.0856395, 1736655896.2074554]","[1736655998.1809561, 1736655998.3028378]","[1736656100.2092497, 1736656100.3308616]","[1736656202.4306026, 1736656202.5535216]","[1736656304.5184486, 1736656304.6402237]"
"[1736655896.331653, 1736655896.4530432]","[1736655998.4205065, 1736655998.5422041]","[1736656100.4504488, 1736656100.5723393]","[1736656202.673609, 1736656202.795315]","[1736656304.757734, 1736656304.8801532]"
"[1736655896.5779145, 1736655896.69919]","[1736655998.6603184, 1736655998.7820935]","[1736656100.6938145, 1736656100.8159473]","[1736656202.9135814, 1736656203.0357556]","[1736656304.9980376, 1736656305.1197143]"
"[1736655896.8227174, 1736655896.944505]","[1736655998.9000614, 1736655999.0219288]","[1736656100.9382696, 1736656101.059683]","[1736656203.1542454, 1736656203.277648]","[1736656305.2385027, 1736656305.3602586]"
"[1736655897.0683653, 1736655897.1912158]","[1736655999.1390352, 1736655999.2606897]","[1736656101.1796596, 1736656101.3020198]","[1736656203.395286, 1736656203.5176957]","[1736656305.4773757, 1736656305.5997214]"
"[1736655897.3160868, 1736655897.437533]","[1736655999.3781614, 1736655999.5004447]","[1736656101.4211895, 1736656101.542777]","[1736656203.6356037, 1736656203.7577288]","[1736656305.7174637, 1736656305.8392804]"
"[1736655897.5622494, 1736655897.684302]","[1736655999.6188085, 1736655999.7410526]","[1736656101.6633048, 1736656101.78596]","[1736656203.8769107, 1736656203.9986725]","[1736656305.9562502, 1736656306.0787086]"
"[1736655897.8091831, 1736655897.9308295]","[1736655999.8599226, 1736655999.9814281]","[1736656101.9047017, 1736656102.0286653]","[1736656204.1175601, 1736656204.2396958]","[1736656306.1994903, 1736656306.3216157]"
"[1736655898.0560749, 1736655898.177414]","[1736656000.1001523, 1736656000.2219384]","[1736656102.1471937, 1736656102.2690792]","[1736656204.3575199, 1736656204.479101]","[1736656306.4415581, 1736656306.5660126]"
"[1736655898.303341, 1736655898.4251611]","[1736656000.3403552, 1736656000.4626298]","[1736656102.3872566, 1736656102.509165]","[1736656204.5967495, 1736656204.7187507]","[1736656306.6847131, 1736656306.8064728]"
"[1736655898.5494194, 1736655898.6709347]","[1736656000.5808017, 1736656000.702839]","[1736656102.6268718, 1736656102.7490485]","[1736656204.836577, 1736656204.958239]","[1736656306.9258661, 1736656307.0479188]"
"[1736655898.7956252, 1736655898.9169645]","[1736656000.820645, 1736656000.94265]","[1736656102.8670678, 1736656102.988867]","[1736656205.0774095, 1736656205.1991239]","[1736656307.1662614, 1736656307.2879105]"
"[1736655899.040861, 1736655899.16218]","[1736656001.0617812, 1736656001.184889]","[1736656103.1070347, 1736656103.2289696]","[1736656205.3177867, 1736656205.439734]","[1736656307.404916, 1736656307.5265596]"
"[1736655899.2890756, 1736655899.410419]","[1736656001.3045876, 1736656001.4266067]","[1736656103.3467069, 1736656103.4686131]","[1736656205.5567496, 1736656205.6788704]","[1736656307.645054, 1736656307.7667456]"
"[1736655899.5347288, 1736655899.656126]","[1736656001.5463483, 1736656001.6680086]","[1736656103.5864213, 1736656103.7081914]","[1736656205.797134, 1736656205.918868]","[1736656307.8862891, 1736656308.0080333]"
"[1736655899.781399, 1736655899.9038815]","[1736656001.7868752, 1736656001.9085655]","[1736656103.826594, 1736656103.9481785]","[1736656206.036977, 1736656206.157767]","[1736656308.126046, 1736656308.2483063]"
"[1736655900.0305684, 1736655900.151738]","[1736656002.0290744, 1736656002.151307]","[1736656104.0674772, 1736656104.189544]","[1736656206.278768, 1736656206.400193]","[1736656308.3668342, 1736656308.4888732]"
"[1736655900.2772324, 1736655900.398475]","[1736656002.2711031, 1736656002.3930845]","[1736656104.3075798, 1736656104.4297009]","[1736656206.517399, 1736656206.6392784]","[1736656308.6061885, 1736656308.7279184]"
"[1736655900.5226862, 1736655900.6443956]","[1736656002.5111673, 1736656002.6331065]","[1736656104.5483162, 1736656104.669892]","[1736656206.7572541, 1736656206.8790474]","[1736656308.8451698, 1736656308.9667177]"
"[1736655900.7688081, 1736655900.8901875]","[1736656002.750635, 1736656002.8731976]","[1736656104.7882957, 1736656104.9101906]","[1736656206.996929, 1736656207.1185675]","[1736656309.0839577, 1736656309.2057467]"
"[1736655901.0147889, 1736655901.136265]","[1736656002.9905968, 1736656003.1126497]","[1736656105.0281417, 1736656105.150134]","[1736656207.2356203, 1736656207.3575544]","[1736656309.3235996, 1736656309.4457383]"
"[1736655901.2602353, 1736655901.3817751]","[1736656003.2318065, 1736656003.3541293]","[1736656105.268147, 1736656105.3897939]","[1736656207.475512, 1736656207.5973582]","[1736656309.5633433, 1736656309.6852643]"
"[1736655901.5075684, 1736655901.6304524]","[1736656003.4711394, 1736656003.5927775]","[1736656105.5073273, 1736656105.629341]","[1736656207.7143695, 1736656207.8360634]","[1736656309.802355, 1736656309.9245682]"
"[1736655901.7551093, 1736655901.8768609]","[1736656003.7105298, 1736656003.83275]","[1736656105.7472453, 1736656105.8691003]","[1736656207.9538336, 1736656208.075926]","[1736656310.042937, 1736656310.1659143]"
"[1736655901.9749491, 1736655902.064093]","[1736656003.9273844, 1736656004.00328]","[1736656105.963844, 1736656106.0403287]","[1736656208.170056, 1736656208.2463522]","[1736656310.2606695, 1736656310.3370402]"
